{"cameraMode":{"drawMode":0,"name":"Shaded","section":"Shading Mode"},"sceneLighting":false,"audioPlay":false,"sceneViewState":{"showFog":true,"showMaterialUpdate":false,"showSkybox":false,"showFlares":true,"showImageEffects":true,"showParticleSystems":true},"in2DMode":false,"pivot":{"x":0.6269171237945557,"y":0.6778098344802856,"z":0.29716408252716067},"rotation":{"x":-0.013494311831891537,"y":-0.9862720966339111,"z":0.1267474889755249,"w":-0.10514845699071884},"size":3.3452341556549074,"orthographic":false}