{"cameraMode":{"drawMode":0,"name":"Shaded","section":"Shading Mode"},"sceneLighting":true,"audioPlay":false,"sceneViewState":{"showFog":true,"showMaterialUpdate":false,"showSkybox":true,"showFlares":true,"showImageEffects":true,"showParticleSystems":true},"in2DMode":false,"pivot":{"x":1.5468734502792359,"y":7.925098419189453,"z":2.8671875},"rotation":{"x":0.41488200426101687,"y":0.0000046372915676329288,"z":0.000016801634046714753,"w":0.9098830819129944},"size":56.94518280029297,"orthographic":false}