{"cameraMode":{"drawMode":0,"name":"Shaded","section":"Shading Mode"},"sceneLighting":true,"audioPlay":false,"sceneViewState":{"showFog":true,"showMaterialUpdate":false,"showSkybox":true,"showFlares":true,"showImageEffects":true,"showParticleSystems":true},"in2DMode":false,"pivot":{"x":2.0629994869232179,"y":-30.3043212890625,"z":10.02239990234375},"rotation":{"x":-0.001018322422169149,"y":0.9041961431503296,"z":-0.4271250367164612,"w":-0.0021548576187342407},"size":244.49559020996095,"orthographic":false}