{"cameraMode":{"drawMode":0,"name":"Shaded","section":"Shading Mode"},"sceneLighting":true,"audioPlay":false,"sceneViewState":{"showFog":true,"showMaterialUpdate":false,"showSkybox":true,"showFlares":true,"showImageEffects":true,"showParticleSystems":true},"in2DMode":false,"pivot":{"x":-1.343829870223999,"y":0.4136486053466797,"z":0.04169034957885742},"rotation":{"x":0.0036708221305161716,"y":0.9718614816665649,"z":-0.23506100475788117,"w":0.01517854630947113},"size":5.99773645401001,"orthographic":false}