{"cameraMode":{"drawMode":0,"name":"Shaded","section":"Shading Mode"},"sceneLighting":false,"audioPlay":false,"sceneViewState":{"showFog":true,"showMaterialUpdate":false,"showSkybox":false,"showFlares":true,"showImageEffects":true,"showParticleSystems":true},"in2DMode":false,"pivot":{"x":2.2300021648406984,"y":-0.37306690216064455,"z":-1.0503482818603516},"rotation":{"x":0.2159280776977539,"y":-0.03806804120540619,"z":0.008443240076303482,"w":0.9756367802619934},"size":19.836824417114259,"orthographic":false}